phase_id,phase_label,time_window,control_id,title,organization,category,priority,score,remediation_cost_tier,remediation_summary,action_rationale
days_1_7,Fix this week,Days 1-7,IAM-001,Privileged role assignments without MFA enforcement,SIGI Technologies,IAM,High,67.97,free,Require MFA and admin-focused conditional access for privileged identities.,"Placed in 'Fix this week' because it carries high urgency, a 67.97 risk score, and a free remediation cost profile."
days_1_7,Fix this week,Days 1-7,DATA-001,Public storage access increases data exposure risk,SIGI Technologies,Data,Planned,48.35,free,Disable anonymous or public storage access and review data exposure paths.,"Placed in 'Fix this week' because it carries planned urgency, a 48.35 risk score, and a free remediation cost profile."
days_1_7,Fix this week,Days 1-7,NET-002,Network security group rules are broader than expected,SIGI Technologies,Network,Planned,44.71,free,Tighten overly permissive network rules to least-privilege source and port scopes.,"Placed in 'Fix this week' because it carries planned urgency, a 44.71 risk score, and a free remediation cost profile."
days_1_7,Fix this week,Days 1-7,IOT-002,IoT shared access policies exceed least-privilege expectations,SIGI Technologies,Healthcare IoT,Planned,41.6,free,"Reduce IoT shared access policies, remove overbroad permissions, and rotate keys through governed operations.","Placed in 'Fix this week' because it carries planned urgency, a 41.60 risk score, and a free remediation cost profile."
days_1_7,Fix this week,Days 1-7,GOV-003,Policy assignment coverage is below the baseline governance threshold,SIGI Technologies,Cost/Governance Hygiene,Planned,33.88,free,Increase baseline policy assignment coverage for governance and compliance controls.,"Placed in 'Fix this week' because it carries planned urgency, a 33.88 risk score, and a free remediation cost profile."
days_8_30,Complete this month,Days 8-30,IAM-003,Stale service principals or credentials require review,SIGI Technologies,IAM,Monitor,23.34,free,Rotate or remove stale service principal credentials and disable unused identities.,"Placed in 'Complete this month' because it carries monitor urgency, a 23.34 risk score, and a free remediation cost profile."
days_8_30,Complete this month,Days 8-30,GOV-004,Orphaned resources increase governance and cost hygiene risk,SIGI Technologies,Cost/Governance Hygiene,Monitor,17.87,free,Review and remove unused or orphaned resources to reduce cost and governance noise.,"Placed in 'Complete this month' because it carries monitor urgency, a 17.87 risk score, and a free remediation cost profile."
days_8_30,Complete this month,Days 8-30,GOV-002,Budget alerting is not enabled for cloud cost governance,SIGI Technologies,Cost/Governance Hygiene,Monitor,16.39,free,Configure budget thresholds and spend alerts for cost oversight.,"Placed in 'Complete this month' because it carries monitor urgency, a 16.39 risk score, and a free remediation cost profile."
days_8_30,Complete this month,Days 8-30,IOT-010,Clinical-operational ownership boundaries require human validation,SIGI Technologies,Healthcare IoT,Monitor,4.72,free,"Document clinical, operational, and supplier ownership boundaries for IoMT assets and validate device-level evidence manually.","Placed in 'Complete this month' because it carries monitor urgency, a 4.72 risk score, and a free remediation cost profile."
days_8_30,Complete this month,Days 8-30,IOT-005,IoT Hub public network access is not sufficiently constrained,SIGI Technologies,Healthcare IoT,Planned,47.25,low,"Restrict IoT Hub public access using IP filters, private endpoints, or documented clinical network boundaries.","Placed in 'Complete this month' because it carries planned urgency, a 47.25 risk score, and a low remediation cost profile."
days_8_30,Complete this month,Days 8-30,DATA-002,Data stores lack expected encryption protections,SIGI Technologies,Data,Planned,42.36,low,Enable encryption at rest for affected storage and database services.,"Placed in 'Complete this month' because it carries planned urgency, a 42.36 risk score, and a low remediation cost profile."
days_8_30,Complete this month,Days 8-30,MON-001,Activity log retention is below governance and investigation expectations,SIGI Technologies,Monitoring/Logging,Planned,35.79,low,"Increase log retention to support investigation, governance review, and evidence preservation.","Placed in 'Complete this month' because it carries planned urgency, a 35.79 risk score, and a low remediation cost profile."
carry_forward,Plan next,After day 30,IOT-008,IoT credential governance is not linked to managed secret controls,SIGI Technologies,Healthcare IoT,Monitor,21.98,low,Store and rotate IoT credentials through governed key-management services with owner accountability.,"Placed in 'Plan next' because it carries monitor urgency, a 21.98 risk score, and a low remediation cost profile."
carry_forward,Plan next,After day 30,IOT-003,IoT diagnostic logging is incomplete for clinical telemetry investigation,SIGI Technologies,Healthcare IoT,Monitor,21.77,low,Enable IoT Hub diagnostic settings and route core diagnostic categories to a monitored destination.,"Placed in 'Plan next' because it carries monitor urgency, a 21.77 risk score, and a low remediation cost profile."
carry_forward,Plan next,After day 30,IOT-007,IoMT telemetry routing and retention are below clinical evidence expectations,SIGI Technologies,Healthcare IoT,Monitor,20.93,low,Route IoMT telemetry to governed storage and retain sufficient logs for investigation and clinical safety review.,"Placed in 'Plan next' because it carries monitor urgency, a 20.93 risk score, and a low remediation cost profile."
carry_forward,Plan next,After day 30,IOT-009,Clinical IoT alert routing is not operationally evidenced,SIGI Technologies,Healthcare IoT,Monitor,20.3,low,Create IoT-specific alert rules and route them to accountable clinical or operational responders.,"Placed in 'Plan next' because it carries monitor urgency, a 20.30 risk score, and a low remediation cost profile."
carry_forward,Plan next,After day 30,IAM-005,Identity governance observability is partial for this assessment scope,SIGI Technologies,IAM,Monitor,4.57,low,Broaden tenant-level identity evidence collection before treating IAM coverage as complete.,"Placed in 'Plan next' because it carries monitor urgency, a 4.57 risk score, and a low remediation cost profile."
