finding_id,control_id,title,category,severity,priority,score,provider,organization,organization_id,resource_scope,asset_ids,evidence_ids,lifecycle_status,evidence_sufficiency,remediation_cost_tier,remediation_summary,mapping
fdg_514b77f2a83791,NET-001,Administrative services are exposed to the public internet,Network,Critical,High,72.12,aws,SIGI Technologies,aws-000832363767,000832363767,network:aws:aws-000832363767,evd_fdg_514b77f2a83791_01; evd_fdg_514b77f2a83791_02,open,unsupported,medium,"Restrict SSH and RDP exposure with private access paths, VPN, or just-in-time controls.",CIS Azure Foundations Benchmark 6.1; ISO 27001 A.8.20; Cyber Essentials Firewalls; FCA SYSC 3.2.6R
fdg_81612c096e8237,IAM-001,Privileged role assignments without MFA enforcement,IAM,Critical,High,67.97,aws,SIGI Technologies,aws-000832363767,000832363767,identity:aws:aws-000832363767,evd_fdg_81612c096e8237_01; evd_fdg_81612c096e8237_02,open,unsupported,free,Require MFA and admin-focused conditional access for privileged identities.,CIS Azure Foundations Benchmark 1.4; ISO 27001 A.5.17; NIST PR.AA-02; Cyber Essentials Access control; UK GDPR Article 32; FCA SYSC 3.2.6R
fdg_59af495a1834f7,DATA-001,Public storage access increases data exposure risk,Data,High,Planned,48.35,aws,SIGI Technologies,aws-000832363767,000832363767,data:aws:aws-000832363767,evd_fdg_59af495a1834f7_01,open,unsupported,free,Disable anonymous or public storage access and review data exposure paths.,GDPR Article 32; ISO 27001 A.8.12; UK GDPR Article 32
fdg_994c549d0b3d2e,IOT-005,IoT Hub public network access is not sufficiently constrained,Healthcare IoT,High,Planned,47.25,aws,SIGI Technologies,aws-000832363767,000832363767,data:aws:aws-000832363767,evd_fdg_994c549d0b3d2e_01; evd_fdg_994c549d0b3d2e_02,open,unsupported,low,"Restrict IoT Hub public access using IP filters, private endpoints, or documented clinical network boundaries.",NCSC CAF B4 System security; NHS DSPT Network security; Cyber Essentials Firewalls
fdg_e13f1fe2310b82,NET-002,Network security group rules are broader than expected,Network,High,Planned,44.71,aws,SIGI Technologies,aws-000832363767,000832363767,network:aws:aws-000832363767,evd_fdg_e13f1fe2310b82_01,open,unsupported,free,Tighten overly permissive network rules to least-privilege source and port scopes.,CIS Azure Foundations Benchmark 6.1; NIST PR.AC-05; Cyber Essentials Firewalls
fdg_dfbb1e782053b2,CMP-001,Critical workloads remain unpatched beyond acceptable risk tolerance,Compute/Workloads,High,Planned,42.69,aws,SIGI Technologies,aws-000832363767,000832363767,compute:aws:aws-000832363767,evd_fdg_dfbb1e782053b2_01,open,unsupported,medium,Patch critical workloads and enforce a stronger recurring patch policy.,Microsoft Cloud Security Benchmark PV-6; NIST PR.PS-03; Cyber Essentials Security update management; DSPT NDG Standard 6
fdg_fd9b74860f2318,DATA-002,Data stores lack expected encryption protections,Data,High,Planned,42.36,aws,SIGI Technologies,aws-000832363767,000832363767,data:aws:aws-000832363767,evd_fdg_fd9b74860f2318_01,open,unsupported,low,Enable encryption at rest for affected storage and database services.,ISO 27001 A.8.24; NIST PR.DS-01; UK GDPR Article 32
fdg_95befe3a0ef4d3,NET-004,Private endpoint coverage is incomplete for sensitive services,Network,High,Planned,41.93,aws,SIGI Technologies,aws-000832363767,000832363767,network:aws:aws-000832363767,evd_fdg_95befe3a0ef4d3_01; evd_fdg_95befe3a0ef4d3_02,open,unsupported,medium,Extend private endpoints to sensitive services that should not rely on public routing.,Microsoft Cloud Security Benchmark NS-2; NIST PR.AC-03
fdg_47b2e528cc081f,IOT-002,IoT shared access policies exceed least-privilege expectations,Healthcare IoT,High,Planned,41.6,aws,SIGI Technologies,aws-000832363767,000832363767,data:aws:aws-000832363767,evd_fdg_47b2e528cc081f_01; evd_fdg_47b2e528cc081f_02,open,unsupported,free,"Reduce IoT shared access policies, remove overbroad permissions, and rotate keys through governed operations.",NCSC CAF B2 Identity and access control; NHS DSPT Security management; IEC 62443 account management
fdg_8de9e4b39be686,IOT-001,Cloud device-identity registration posture is weak or unobservable,Healthcare IoT,High,Planned,40.65,aws,SIGI Technologies,aws-000832363767,000832363767,data:aws:aws-000832363767,evd_fdg_8de9e4b39be686_01,open,unsupported,medium,Inventory cloud-registered IoMT device identities and prefer certificate-based authentication for clinical device connections while validating device-side credential storage separately.,NCSC CAF B2 Identity and access control; NHS DSPT Access control; IEC 80001-1 risk management
fdg_ba8563fa9c85b0,CMP-002,Endpoint protection coverage is below the expected workload baseline,Compute/Workloads,High,Planned,39.53,aws,SIGI Technologies,aws-000832363767,000832363767,compute:aws:aws-000832363767,evd_fdg_ba8563fa9c85b0_01,open,unsupported,medium,Deploy endpoint protection or security agents to uncovered workloads.,Microsoft Cloud Security Benchmark LT-4; NIST PR.PS-01; Cyber Essentials Malware protection
fdg_1fcafc454b954f,CMP-003,Workload hardening baseline coverage is incomplete,Compute/Workloads,High,Planned,38.49,aws,SIGI Technologies,aws-000832363767,000832363767,compute:aws:aws-000832363767,evd_fdg_1fcafc454b954f_01,open,unsupported,medium,Apply a hardened workload baseline across compute resources and administrative settings.,CIS Controls 4.1; NIST PR.IP-01
fdg_4fdee149a387bc,DATA-003,Backup and retention coverage fall below resilience expectations,Data,High,Planned,37.58,aws,SIGI Technologies,aws-000832363767,000832363767,data:aws:aws-000832363767,evd_fdg_4fdee149a387bc_01; evd_fdg_4fdee149a387bc_02,open,unsupported,medium,Increase backup and retention coverage for business-critical data stores.,ISO 27001 A.8.13; NIST PR.DS-04; DSPT NDG Standard 7
fdg_0fc8904a5edd56,MON-003,Security monitoring coverage is below the expected baseline,Monitoring/Logging,High,Planned,36.94,aws,SIGI Technologies,aws-000832363767,000832363767,monitoring:aws:aws-000832363767,evd_fdg_0fc8904a5edd56_01,open,unsupported,medium,Expand security monitoring coverage across workloads and key cloud services.,Microsoft Cloud Security Benchmark LT-1; NIST DE.CM-02
fdg_32dfaf5364b4d6,CMP-004,Workload backup agent coverage is below resilience expectations,Compute/Workloads,High,Planned,36.85,aws,SIGI Technologies,aws-000832363767,000832363767,compute:aws:aws-000832363767,evd_fdg_32dfaf5364b4d6_01,open,unsupported,medium,Enable workload backup protections for critical virtual machines and services.,ISO 27001 A.8.13; NIST PR.DS-04
fdg_03484c44a1bea9,MON-001,Activity log retention is below governance and investigation expectations,Monitoring/Logging,High,Planned,35.79,aws,SIGI Technologies,aws-000832363767,000832363767,monitoring:aws:aws-000832363767,evd_fdg_03484c44a1bea9_01,open,unsupported,low,"Increase log retention to support investigation, governance review, and evidence preservation.",CIS Azure Foundations Benchmark 5.2; NIST DE.CM-01; DSPT NDG Standard 6
fdg_78fef0955deb69,GOV-003,Policy assignment coverage is below the baseline governance threshold,Cost/Governance Hygiene,High,Planned,33.88,aws,SIGI Technologies,aws-000832363767,000832363767,tenant:aws:aws-000832363767,evd_fdg_78fef0955deb69_01,open,unsupported,free,Increase baseline policy assignment coverage for governance and compliance controls.,Azure Policy Baseline; NIST GV.PO-01
fdg_c5f3db81b3965c,IAM-003,Stale service principals or credentials require review,IAM,Medium,Monitor,23.34,aws,SIGI Technologies,aws-000832363767,000832363767,identity:aws:aws-000832363767,evd_fdg_c5f3db81b3965c_01,open,unsupported,free,Rotate or remove stale service principal credentials and disable unused identities.,Microsoft Cloud Security Benchmark IM-3; NIST PR.AA-01
fdg_22fa0573d52093,IOT-006,Conditional private endpoint and network isolation posture is weak,Healthcare IoT,Medium,Monitor,23.33,aws,SIGI Technologies,aws-000832363767,000832363767,data:aws:aws-000832363767,evd_fdg_22fa0573d52093_01; evd_fdg_22fa0573d52093_02; evd_fdg_22fa0573d52093_03,open,unsupported,medium,Deploy private endpoints for sensitive IoMT telemetry services where public routing lacks documented and observable compensating controls.,NCSC CAF B4 System security; NHS DSPT Network security; UK GDPR Article 32
fdg_45fead59d5ed86,IOT-008,IoT credential governance is not linked to managed secret controls,Healthcare IoT,Medium,Monitor,21.98,aws,SIGI Technologies,aws-000832363767,000832363767,data:aws:aws-000832363767,evd_fdg_45fead59d5ed86_01; evd_fdg_45fead59d5ed86_02,open,unsupported,low,Store and rotate IoT credentials through governed key-management services with owner accountability.,NCSC CAF B2 Identity and access control; NHS DSPT Access control; ISO 27001 A.8.24
fdg_74c023949b5311,IOT-003,IoT diagnostic logging is incomplete for clinical telemetry investigation,Healthcare IoT,Medium,Monitor,21.77,aws,SIGI Technologies,aws-000832363767,000832363767,data:aws:aws-000832363767,evd_fdg_74c023949b5311_01; evd_fdg_74c023949b5311_02; evd_fdg_74c023949b5311_03,open,unsupported,low,Enable IoT Hub diagnostic settings and route core diagnostic categories to a monitored destination.,NCSC CAF C1 Security monitoring; NHS DSPT Logging and monitoring; ISO 27001 A.8.15
fdg_0487a7973756c3,IOT-004,Defender for IoT or equivalent security monitoring is not evidenced,Healthcare IoT,Medium,Monitor,21.5,aws,SIGI Technologies,aws-000832363767,000832363767,data:aws:aws-000832363767,evd_fdg_0487a7973756c3_01,open,unsupported,medium,Enable Defender for IoT or document an equivalent monitoring path for clinical IoT assets.,NCSC CAF C1 Security monitoring; NHS DSPT Security operations; IEC 62443 security monitoring
fdg_212e49f1a69dad,IOT-007,IoMT telemetry routing and retention are below clinical evidence expectations,Healthcare IoT,Medium,Monitor,20.93,aws,SIGI Technologies,aws-000832363767,000832363767,data:aws:aws-000832363767,evd_fdg_212e49f1a69dad_01; evd_fdg_212e49f1a69dad_02; evd_fdg_212e49f1a69dad_03,open,unsupported,low,Route IoMT telemetry to governed storage and retain sufficient logs for investigation and clinical safety review.,NCSC CAF C1 Security monitoring; NHS DSPT Records management; ISO 27001 A.8.15
fdg_f2db05d7f43d6a,IOT-009,Clinical IoT alert routing is not operationally evidenced,Healthcare IoT,Medium,Monitor,20.3,aws,SIGI Technologies,aws-000832363767,000832363767,data:aws:aws-000832363767,evd_fdg_f2db05d7f43d6a_01; evd_fdg_f2db05d7f43d6a_02,open,unsupported,low,Create IoT-specific alert rules and route them to accountable clinical or operational responders.,NCSC CAF C2 Proactive security event discovery; NHS DSPT Incident management; IEC 80001-1 operational risk
fdg_6c25430ff366c3,GOV-004,Orphaned resources increase governance and cost hygiene risk,Cost/Governance Hygiene,Medium,Monitor,17.87,aws,SIGI Technologies,aws-000832363767,000832363767,tenant:aws:aws-000832363767,evd_fdg_6c25430ff366c3_01,open,unsupported,free,Review and remove unused or orphaned resources to reduce cost and governance noise.,Azure CAF Governance Discipline; FinOps Asset Hygiene
fdg_41e815a1b649a8,GOV-002,Budget alerting is not enabled for cloud cost governance,Cost/Governance Hygiene,Medium,Monitor,16.39,aws,SIGI Technologies,aws-000832363767,000832363767,tenant:aws:aws-000832363767,evd_fdg_41e815a1b649a8_01,open,unsupported,free,Configure budget thresholds and spend alerts for cost oversight.,FinOps Cost Governance; ISO 27001 A.5.36
fdg_bd7c18a97bdfc6,IOT-010,Clinical-operational ownership boundaries require human validation,Healthcare IoT,Low,Monitor,4.72,aws,SIGI Technologies,aws-000832363767,000832363767,data:aws:aws-000832363767,evd_fdg_bd7c18a97bdfc6_01; evd_fdg_bd7c18a97bdfc6_02,open,unsupported,free,"Document clinical, operational, and supplier ownership boundaries for IoMT assets and validate device-level evidence manually.",NCSC CAF A1 Governance; NHS DSPT Leadership and governance; IEC 80001-1 responsibility agreements
fdg_8ce865e5eb6019,IAM-005,Identity governance observability is partial for this assessment scope,IAM,Low,Monitor,4.57,aws,SIGI Technologies,aws-000832363767,000832363767,identity:aws:aws-000832363767,evd_fdg_8ce865e5eb6019_01; evd_fdg_8ce865e5eb6019_02; evd_fdg_8ce865e5eb6019_03; evd_fdg_8ce865e5eb6019_04,open,unsupported,low,Broaden tenant-level identity evidence collection before treating IAM coverage as complete.,ISO 27001 A.5.15; NIST GV.RM-01
