evidence_id,provider,collector,record_type,observation_class,observed_at,source_ref,freshness_hours,finding_id,control_id,resource_scope,statement
evd_fdg_81612c096e8237_01,aws,iam_controls,control_evidence/IAM-001,observed,2026-07-04T18:15:03.021234Z,finding:fdg_81612c096e8237,,fdg_81612c096e8237,IAM-001,000832363767,1 privileged account(s) do not have MFA enabled
evd_fdg_81612c096e8237_02,aws,iam_controls,control_evidence/IAM-001,observed,2026-07-04T18:15:03.021234Z,finding:fdg_81612c096e8237,,fdg_81612c096e8237,IAM-001,000832363767,Conditional access for privileged administrators was not observable and is treated as unmet for deterministic scoring
evd_fdg_c5f3db81b3965c_01,aws,iam_controls,control_evidence/IAM-003,observed,2026-07-04T18:15:03.021234Z,finding:fdg_c5f3db81b3965c,,fdg_c5f3db81b3965c,IAM-003,000832363767,1 stale service principal(s) or credential set(s) were identified
evd_fdg_8ce865e5eb6019_01,aws,iam_controls,control_evidence/IAM-005,observed,2026-07-04T18:15:03.021234Z,finding:fdg_8ce865e5eb6019,,fdg_8ce865e5eb6019,IAM-005,000832363767,Subscription-scoped evidence was collected for privileged role assignments
evd_fdg_8ce865e5eb6019_02,aws,iam_controls,control_evidence/IAM-005,observed,2026-07-04T18:15:03.021234Z,finding:fdg_8ce865e5eb6019,,fdg_8ce865e5eb6019,IAM-005,000832363767,Tenant-wide Entra controls such as conditional access were not directly observable in this run
evd_fdg_8ce865e5eb6019_03,aws,iam_controls,control_evidence/IAM-005,observed,2026-07-04T18:15:03.021234Z,finding:fdg_8ce865e5eb6019,,fdg_8ce865e5eb6019,IAM-005,000832363767,The signed-in assessment identity exposed 1 Entra directory role(s)
evd_fdg_8ce865e5eb6019_04,aws,iam_controls,control_evidence/IAM-005,observed,2026-07-04T18:15:03.021234Z,finding:fdg_8ce865e5eb6019,,fdg_8ce865e5eb6019,IAM-005,000832363767,The tenant directory-role catalog was partially visible with 43 active role entry(ies)
evd_fdg_514b77f2a83791_01,aws,network_controls,control_evidence/NET-001,observed,2026-07-04T18:15:03.021234Z,finding:fdg_514b77f2a83791,,fdg_514b77f2a83791,NET-001,000832363767,1 asset(s) expose RDP to the public internet
evd_fdg_514b77f2a83791_02,aws,network_controls,control_evidence/NET-001,observed,2026-07-04T18:15:03.021234Z,finding:fdg_514b77f2a83791,,fdg_514b77f2a83791,NET-001,000832363767,1 asset(s) expose SSH to the public internet
evd_fdg_e13f1fe2310b82_01,aws,network_controls,control_evidence/NET-002,observed,2026-07-04T18:15:03.021234Z,finding:fdg_e13f1fe2310b82,,fdg_e13f1fe2310b82,NET-002,000832363767,2 permissive NSG rule(s) were identified
evd_fdg_95befe3a0ef4d3_01,aws,network_controls,control_evidence/NET-004,observed,2026-07-04T18:15:03.021234Z,finding:fdg_95befe3a0ef4d3,,fdg_95befe3a0ef4d3,NET-004,000832363767,5 required private endpoint(s) are not configured
evd_fdg_95befe3a0ef4d3_02,aws,network_controls,control_evidence/NET-004,observed,2026-07-04T18:15:03.021234Z,finding:fdg_95befe3a0ef4d3,,fdg_95befe3a0ef4d3,NET-004,000832363767,0 of 5 expected private endpoint(s) are currently deployed
evd_fdg_59af495a1834f7_01,aws,data_controls,control_evidence/DATA-001,observed,2026-07-04T18:15:03.021234Z,finding:fdg_59af495a1834f7,,fdg_59af495a1834f7,DATA-001,000832363767,1 storage asset(s) allow public access
evd_fdg_fd9b74860f2318_01,aws,data_controls,control_evidence/DATA-002,observed,2026-07-04T18:15:03.021234Z,finding:fdg_fd9b74860f2318,,fdg_fd9b74860f2318,DATA-002,000832363767,1 data store(s) appear to be unencrypted at rest
evd_fdg_4fdee149a387bc_01,aws,data_controls,control_evidence/DATA-003,observed,2026-07-04T18:15:03.021234Z,finding:fdg_4fdee149a387bc,,fdg_4fdee149a387bc,DATA-003,000832363767,Backup coverage is only 60%
evd_fdg_4fdee149a387bc_02,aws,data_controls,control_evidence/DATA-003,observed,2026-07-04T18:15:03.021234Z,finding:fdg_4fdee149a387bc,,fdg_4fdee149a387bc,DATA-003,000832363767,Retention policy coverage is only 60%
evd_fdg_03484c44a1bea9_01,aws,monitoring_controls,control_evidence/MON-001,observed,2026-07-04T18:15:03.021234Z,finding:fdg_03484c44a1bea9,,fdg_03484c44a1bea9,MON-001,000832363767,Activity logs are retained for only 0 day(s)
evd_fdg_0fc8904a5edd56_01,aws,monitoring_controls,control_evidence/MON-003,observed,2026-07-04T18:15:03.021234Z,finding:fdg_0fc8904a5edd56,,fdg_0fc8904a5edd56,MON-003,000832363767,Security monitoring coverage is approximately 0%
evd_fdg_dfbb1e782053b2_01,aws,compute_controls,control_evidence/CMP-001,observed,2026-07-04T18:15:03.021234Z,finding:fdg_dfbb1e782053b2,,fdg_dfbb1e782053b2,CMP-001,000832363767,1 critical VM(s) require urgent patching
evd_fdg_ba8563fa9c85b0_01,aws,compute_controls,control_evidence/CMP-002,observed,2026-07-04T18:15:03.021234Z,finding:fdg_ba8563fa9c85b0,,fdg_ba8563fa9c85b0,CMP-002,000832363767,Endpoint protection coverage is approximately 0%
evd_fdg_1fcafc454b954f_01,aws,compute_controls,control_evidence/CMP-003,observed,2026-07-04T18:15:03.021234Z,finding:fdg_1fcafc454b954f,,fdg_1fcafc454b954f,CMP-003,000832363767,Hardened baseline coverage is approximately 0%
evd_fdg_32dfaf5364b4d6_01,aws,compute_controls,control_evidence/CMP-004,observed,2026-07-04T18:15:03.021234Z,finding:fdg_32dfaf5364b4d6,,fdg_32dfaf5364b4d6,CMP-004,000832363767,Workload backup agent coverage is approximately 0%
evd_fdg_41e815a1b649a8_01,aws,governance_controls,control_evidence/GOV-002,observed,2026-07-04T18:15:03.021234Z,finding:fdg_41e815a1b649a8,,fdg_41e815a1b649a8,GOV-002,000832363767,Budget or spend alerting is not configured
evd_fdg_78fef0955deb69_01,aws,governance_controls,control_evidence/GOV-003,observed,2026-07-04T18:15:03.021234Z,finding:fdg_78fef0955deb69,,fdg_78fef0955deb69,GOV-003,000832363767,Baseline policy assignment coverage is approximately 0%
evd_fdg_6c25430ff366c3_01,aws,governance_controls,control_evidence/GOV-004,observed,2026-07-04T18:15:03.021234Z,finding:fdg_6c25430ff366c3,,fdg_6c25430ff366c3,GOV-004,000832363767,2 orphaned resource(s) were identified
evd_fdg_8de9e4b39be686_01,aws,iot_controls,control_evidence/IOT-001,observed,2026-07-04T18:15:03.021234Z,finding:fdg_8de9e4b39be686,,fdg_8de9e4b39be686,IOT-001,000832363767,Certificate-authority based device authentication was not observed
evd_fdg_47b2e528cc081f_01,aws,iot_controls,control_evidence/IOT-002,observed,2026-07-04T18:15:03.021234Z,finding:fdg_47b2e528cc081f,,fdg_47b2e528cc081f,IOT-002,000832363767,1 IoT shared access policie(s) were observed
evd_fdg_47b2e528cc081f_02,aws,iot_controls,control_evidence/IOT-002,observed,2026-07-04T18:15:03.021234Z,finding:fdg_47b2e528cc081f,,fdg_47b2e528cc081f,IOT-002,000832363767,1 shared access policie(s) appear overbroad
evd_fdg_74c023949b5311_01,aws,iot_controls,control_evidence/IOT-003,observed,2026-07-04T18:15:03.021234Z,finding:fdg_74c023949b5311,,fdg_74c023949b5311,IOT-003,000832363767,IoT Hub diagnostic settings were not enabled
evd_fdg_74c023949b5311_02,aws,iot_controls,control_evidence/IOT-003,observed,2026-07-04T18:15:03.021234Z,finding:fdg_74c023949b5311,,fdg_74c023949b5311,IOT-003,000832363767,No diagnostic destination was observed for IoT telemetry logs
evd_fdg_74c023949b5311_03,aws,iot_controls,control_evidence/IOT-003,observed,2026-07-04T18:15:03.021234Z,finding:fdg_74c023949b5311,,fdg_74c023949b5311,IOT-003,000832363767,IoT diagnostic category coverage is below the 80% baseline
evd_fdg_0487a7973756c3_01,aws,iot_controls,control_evidence/IOT-004,observed,2026-07-04T18:15:03.021234Z,finding:fdg_0487a7973756c3,,fdg_0487a7973756c3,IOT-004,000832363767,Defender for IoT coverage was not observed for the hub scope
evd_fdg_994c549d0b3d2e_01,aws,iot_controls,control_evidence/IOT-005,observed,2026-07-04T18:15:03.021234Z,finding:fdg_994c549d0b3d2e,,fdg_994c549d0b3d2e,IOT-005,000832363767,IoT Hub public network access is enabled
evd_fdg_994c549d0b3d2e_02,aws,iot_controls,control_evidence/IOT-005,observed,2026-07-04T18:15:03.021234Z,finding:fdg_994c549d0b3d2e,,fdg_994c549d0b3d2e,IOT-005,000832363767,No IP filter rules or private endpoints were observed for the hub scope
evd_fdg_22fa0573d52093_01,aws,iot_controls,control_evidence/IOT-006,observed,2026-07-04T18:15:03.021234Z,finding:fdg_22fa0573d52093,,fdg_22fa0573d52093,IOT-006,000832363767,IoT Hub public network access is enabled without IP filter evidence
evd_fdg_22fa0573d52093_02,aws,iot_controls,control_evidence/IOT-006,observed,2026-07-04T18:15:03.021234Z,finding:fdg_22fa0573d52093,,fdg_22fa0573d52093,IOT-006,000832363767,Certificate-authority based device authentication was not observed
evd_fdg_22fa0573d52093_03,aws,iot_controls,control_evidence/IOT-006,observed,2026-07-04T18:15:03.021234Z,finding:fdg_22fa0573d52093,,fdg_22fa0573d52093,IOT-006,000832363767,No private endpoint was observed for the IoT Hub scope
evd_fdg_212e49f1a69dad_01,aws,iot_controls,control_evidence/IOT-007,observed,2026-07-04T18:15:03.021234Z,finding:fdg_212e49f1a69dad,,fdg_212e49f1a69dad,IOT-007,000832363767,No IoT telemetry message route was observed
evd_fdg_212e49f1a69dad_02,aws,iot_controls,control_evidence/IOT-007,observed,2026-07-04T18:15:03.021234Z,finding:fdg_212e49f1a69dad,,fdg_212e49f1a69dad,IOT-007,000832363767,"IoT telemetry retention is 0 day(s), below the 30-day baseline"
evd_fdg_212e49f1a69dad_03,aws,iot_controls,control_evidence/IOT-007,observed,2026-07-04T18:15:03.021234Z,finding:fdg_212e49f1a69dad,,fdg_212e49f1a69dad,IOT-007,000832363767,Telemetry storage governance was not observed
evd_fdg_45fead59d5ed86_01,aws,iot_controls,control_evidence/IOT-008,observed,2026-07-04T18:15:03.021234Z,finding:fdg_45fead59d5ed86,,fdg_45fead59d5ed86,IOT-008,000832363767,IoT credentials were not linked to a governed key vault path
evd_fdg_45fead59d5ed86_02,aws,iot_controls,control_evidence/IOT-008,observed,2026-07-04T18:15:03.021234Z,finding:fdg_45fead59d5ed86,,fdg_45fead59d5ed86,IOT-008,000832363767,IoT credential rotation evidence was not observable
evd_fdg_f2db05d7f43d6a_01,aws,iot_controls,control_evidence/IOT-009,observed,2026-07-04T18:15:03.021234Z,finding:fdg_f2db05d7f43d6a,,fdg_f2db05d7f43d6a,IOT-009,000832363767,No IoT-specific clinical or operational alert rule was observed
evd_fdg_f2db05d7f43d6a_02,aws,iot_controls,control_evidence/IOT-009,observed,2026-07-04T18:15:03.021234Z,finding:fdg_f2db05d7f43d6a,,fdg_f2db05d7f43d6a,IOT-009,000832363767,No action group was observed for IoT alert routing
evd_fdg_bd7c18a97bdfc6_01,aws,iot_controls,control_evidence/IOT-010,observed,2026-07-04T18:15:03.021234Z,finding:fdg_bd7c18a97bdfc6,,fdg_bd7c18a97bdfc6,IOT-010,000832363767,Clinical and operational ownership boundary was not documented in collected evidence
evd_fdg_bd7c18a97bdfc6_02,aws,iot_controls,control_evidence/IOT-010,observed,2026-07-04T18:15:03.021234Z,finding:fdg_bd7c18a97bdfc6,,fdg_bd7c18a97bdfc6,IOT-010,000832363767,1 operational evidence item(s) require human confirmation
