control_id,title,category,priority,severity,score,organization,remediation_cost_tier,remediation_value_score,budget_fit_profiles,remediation_summary
NET-001,Administrative services are exposed to the public internet,Network,High,Critical,72.12,SIGI Technologies,medium,38.98,under_750_month,"Restrict SSH and RDP exposure with private access paths, VPN, or just-in-time controls."
IAM-001,Privileged role assignments without MFA enforcement,IAM,High,Critical,67.97,SIGI Technologies,free,67.97,"free_this_week,under_200_month,under_750_month",Require MFA and admin-focused conditional access for privileged identities.
DATA-001,Public storage access increases data exposure risk,Data,Planned,High,48.35,SIGI Technologies,free,48.35,"free_this_week,under_200_month,under_750_month",Disable anonymous or public storage access and review data exposure paths.
IOT-005,IoT Hub public network access is not sufficiently constrained,Healthcare IoT,Planned,High,47.25,SIGI Technologies,low,35.0,"under_200_month,under_750_month","Restrict IoT Hub public access using IP filters, private endpoints, or documented clinical network boundaries."
NET-002,Network security group rules are broader than expected,Network,Planned,High,44.71,SIGI Technologies,free,44.71,"free_this_week,under_200_month,under_750_month",Tighten overly permissive network rules to least-privilege source and port scopes.
CMP-001,Critical workloads remain unpatched beyond acceptable risk tolerance,Compute/Workloads,Planned,High,42.69,SIGI Technologies,medium,23.08,under_750_month,Patch critical workloads and enforce a stronger recurring patch policy.
DATA-002,Data stores lack expected encryption protections,Data,Planned,High,42.36,SIGI Technologies,low,31.38,"under_200_month,under_750_month",Enable encryption at rest for affected storage and database services.
NET-004,Private endpoint coverage is incomplete for sensitive services,Network,Planned,High,41.93,SIGI Technologies,medium,22.66,under_750_month,Extend private endpoints to sensitive services that should not rely on public routing.
IOT-002,IoT shared access policies exceed least-privilege expectations,Healthcare IoT,Planned,High,41.6,SIGI Technologies,free,41.6,"free_this_week,under_200_month,under_750_month","Reduce IoT shared access policies, remove overbroad permissions, and rotate keys through governed operations."
IOT-001,Cloud device-identity registration posture is weak or unobservable,Healthcare IoT,Planned,High,40.65,SIGI Technologies,medium,21.97,under_750_month,Inventory cloud-registered IoMT device identities and prefer certificate-based authentication for clinical device connections while validating device-side credential storage separately.
CMP-002,Endpoint protection coverage is below the expected workload baseline,Compute/Workloads,Planned,High,39.53,SIGI Technologies,medium,21.37,under_750_month,Deploy endpoint protection or security agents to uncovered workloads.
CMP-003,Workload hardening baseline coverage is incomplete,Compute/Workloads,Planned,High,38.49,SIGI Technologies,medium,20.81,under_750_month,Apply a hardened workload baseline across compute resources and administrative settings.
DATA-003,Backup and retention coverage fall below resilience expectations,Data,Planned,High,37.58,SIGI Technologies,medium,20.31,under_750_month,Increase backup and retention coverage for business-critical data stores.
MON-003,Security monitoring coverage is below the expected baseline,Monitoring/Logging,Planned,High,36.94,SIGI Technologies,medium,19.97,under_750_month,Expand security monitoring coverage across workloads and key cloud services.
CMP-004,Workload backup agent coverage is below resilience expectations,Compute/Workloads,Planned,High,36.85,SIGI Technologies,medium,19.92,under_750_month,Enable workload backup protections for critical virtual machines and services.
MON-001,Activity log retention is below governance and investigation expectations,Monitoring/Logging,Planned,High,35.79,SIGI Technologies,low,26.51,"under_200_month,under_750_month","Increase log retention to support investigation, governance review, and evidence preservation."
GOV-003,Policy assignment coverage is below the baseline governance threshold,Cost/Governance Hygiene,Planned,High,33.88,SIGI Technologies,free,33.88,"free_this_week,under_200_month,under_750_month",Increase baseline policy assignment coverage for governance and compliance controls.
IAM-003,Stale service principals or credentials require review,IAM,Monitor,Medium,23.34,SIGI Technologies,free,23.34,"free_this_week,under_200_month,under_750_month",Rotate or remove stale service principal credentials and disable unused identities.
IOT-006,Conditional private endpoint and network isolation posture is weak,Healthcare IoT,Monitor,Medium,23.33,SIGI Technologies,medium,12.61,under_750_month,Deploy private endpoints for sensitive IoMT telemetry services where public routing lacks documented and observable compensating controls.
IOT-008,IoT credential governance is not linked to managed secret controls,Healthcare IoT,Monitor,Medium,21.98,SIGI Technologies,low,16.28,"under_200_month,under_750_month",Store and rotate IoT credentials through governed key-management services with owner accountability.
IOT-003,IoT diagnostic logging is incomplete for clinical telemetry investigation,Healthcare IoT,Monitor,Medium,21.77,SIGI Technologies,low,16.13,"under_200_month,under_750_month",Enable IoT Hub diagnostic settings and route core diagnostic categories to a monitored destination.
IOT-004,Defender for IoT or equivalent security monitoring is not evidenced,Healthcare IoT,Monitor,Medium,21.5,SIGI Technologies,medium,11.62,under_750_month,Enable Defender for IoT or document an equivalent monitoring path for clinical IoT assets.
IOT-007,IoMT telemetry routing and retention are below clinical evidence expectations,Healthcare IoT,Monitor,Medium,20.93,SIGI Technologies,low,15.5,"under_200_month,under_750_month",Route IoMT telemetry to governed storage and retain sufficient logs for investigation and clinical safety review.
IOT-009,Clinical IoT alert routing is not operationally evidenced,Healthcare IoT,Monitor,Medium,20.3,SIGI Technologies,low,15.04,"under_200_month,under_750_month",Create IoT-specific alert rules and route them to accountable clinical or operational responders.
GOV-004,Orphaned resources increase governance and cost hygiene risk,Cost/Governance Hygiene,Monitor,Medium,17.87,SIGI Technologies,free,17.87,"free_this_week,under_200_month,under_750_month",Review and remove unused or orphaned resources to reduce cost and governance noise.
GOV-002,Budget alerting is not enabled for cloud cost governance,Cost/Governance Hygiene,Monitor,Medium,16.39,SIGI Technologies,free,16.39,"free_this_week,under_200_month,under_750_month",Configure budget thresholds and spend alerts for cost oversight.
IOT-010,Clinical-operational ownership boundaries require human validation,Healthcare IoT,Monitor,Low,4.72,SIGI Technologies,free,4.72,"free_this_week,under_200_month,under_750_month","Document clinical, operational, and supplier ownership boundaries for IoMT assets and validate device-level evidence manually."
IAM-005,Identity governance observability is partial for this assessment scope,IAM,Monitor,Low,4.57,SIGI Technologies,low,3.39,"under_200_month,under_750_month",Broaden tenant-level identity evidence collection before treating IAM coverage as complete.
